id,projectname,deptcode,users,product,status,createdat,updatedat,cieareaid,financeproductid
1,Project Mapping Update,DLT,"Divyam,Praneeth,Sunil",Cloud,true,Fri Apr 15 2022 01:51:27 GMT+0530 (India Standard Time),Fri Apr 15 2022 01:51:27 GMT+0530 (India Standard Time),111,222
2,Project Mapping Update,DLT,"Divyam,Praneeth,Sunil",Cloud,true,Fri Apr 15 2022 01:52:46 GMT+0530 (India Standard Time),Fri Apr 15 2022 01:52:46 GMT+0530 (India Standard Time),111,222
3,Project Mapping Update,DLT,"Divyam,Praneeth,Sunil",Cloud,true,Fri Apr 15 2022 01:53:01 GMT+0530 (India Standard Time),Fri Apr 15 2022 01:53:01 GMT+0530 (India Standard Time),111,222
4,Project Mapping Update,DLT,"Divyam,Praneeth,Sunil",Cloud,true,Fri Apr 15 2022 01:53:06 GMT+0530 (India Standard Time),Fri Apr 15 2022 01:53:06 GMT+0530 (India Standard Time),111,222
5,Project Mapping Update,DLT,"Divyam,Praneeth,Sunil",Cloud,true,Fri Apr 15 2022 01:53:10 GMT+0530 (India Standard Time),Fri Apr 15 2022 01:53:10 GMT+0530 (India Standard Time),111,222
7,Project Mapping Update,DLT,"Divyam,Praneeth,Sunil",Cloud,true,Fri Apr 15 2022 01:54:50 GMT+0530 (India Standard Time),Fri Apr 15 2022 01:54:50 GMT+0530 (India Standard Time),111,222
8,Project Mapping Update,DLT,"Divyam,Praneeth,Sunil",Cloud,true,Fri Apr 15 2022 01:54:55 GMT+0530 (India Standard Time),Fri Apr 15 2022 01:54:55 GMT+0530 (India Standard Time),111,222
9,Project Mapping Update,DLT,"Divyam,Praneeth,Sunil",Cloud,true,Fri Apr 15 2022 01:54:58 GMT+0530 (India Standard Time),Fri Apr 15 2022 01:54:58 GMT+0530 (India Standard Time),111,222
10,Project Mapping Update,DLT,"Divyam,Praneeth,Sunil",Cloud,true,Fri Apr 15 2022 01:55:18 GMT+0530 (India Standard Time),Fri Apr 15 2022 01:55:18 GMT+0530 (India Standard Time),111,222
11,Project Mapping Update,DLT,"Divyam,Praneeth,Sunil",Cloud,true,Fri Apr 15 2022 01:55:22 GMT+0530 (India Standard Time),Fri Apr 15 2022 01:55:22 GMT+0530 (India Standard Time),111,222
12,Project Mapping Update,DLT,"Divyam,Praneeth,Sunil",Cloud,true,Fri Apr 15 2022 01:55:26 GMT+0530 (India Standard Time),Fri Apr 15 2022 01:55:26 GMT+0530 (India Standard Time),111,222
13,Project Mapping Update,DLT,"Divyam,Praneeth,Sunil",Cloud,true,Fri Apr 15 2022 01:55:34 GMT+0530 (India Standard Time),Fri Apr 15 2022 01:55:34 GMT+0530 (India Standard Time),111,222
14,Project Mapping Update,DLT,"Divyam,Praneeth,Sunil",Cloud,true,Fri Apr 15 2022 01:55:37 GMT+0530 (India Standard Time),Fri Apr 15 2022 01:55:37 GMT+0530 (India Standard Time),111,222
15,Project Mapping Update,DLT,"Divyam,Praneeth,Sunil",Cloud,true,Fri Apr 15 2022 01:55:43 GMT+0530 (India Standard Time),Fri Apr 15 2022 01:55:43 GMT+0530 (India Standard Time),111,222
16,Project Mapping Update,DLT,"Divyam,Praneeth,Sunil",Cloud,true,Fri Apr 15 2022 01:55:49 GMT+0530 (India Standard Time),Fri Apr 15 2022 01:55:49 GMT+0530 (India Standard Time),111,222
17,Project Mapping Update,DLT,"Divyam,Praneeth,Sunil",Cloud,true,Fri Apr 15 2022 01:58:12 GMT+0530 (India Standard Time),Fri Apr 15 2022 01:58:12 GMT+0530 (India Standard Time),111,222
